-- =========================================
-- Auth Service - User Context Seed
-- Flyway V3
-- =========================================

-- =========================================
-- USER CONTEXT
-- =========================================

INSERT INTO auth.user_context (keycloak_id) VALUES
('a0000000-0000-0000-0000-000000000001'),
('b1000000-0001-0001-0001-000000000001'),
('b1000000-0002-0002-0002-000000000002'),
('b1000000-0003-0003-0003-000000000003'),
('b1000000-0004-0004-0004-000000000004'),
('c2000000-0002-0002-0002-000000000001'),
('c2000000-0002-0002-0002-000000000002'),
('c2000000-0003-0003-0003-000000000003'),
('d3000000-0001-0001-0001-000000000001'),
('d3000000-0002-0002-0002-000000000002'),
('d3000000-0003-0003-0003-000000000003'),
('e4000000-0001-0001-0001-000000000001'),
('e4000000-0002-0002-0002-000000000002'),
('f5000000-0001-0001-0001-000000000001'),
('f5000000-0002-0002-0002-000000000002'),
('g6000000-0001-0001-0001-000000000001'),
('g6000000-0002-0002-0002-000000000002'),
('g6000000-0003-0003-0003-000000000003'),
('h7000000-0001-0001-0001-000000000001')
ON CONFLICT (keycloak_id) DO NOTHING;


INSERT INTO auth.user_organization (keycloak_id, organization_id) VALUES
('a0000000-0000-0000-0000-000000000001', '90000000-0000-0000-0000-000000000001'),
('b1000000-0001-0001-0001-000000000001', '90000000-0000-0000-0000-000000000001'),
('b1000000-0002-0002-0002-000000000002', '90000000-0000-0000-0000-000000000001'),
('b1000000-0003-0003-0003-000000000003', '90000000-0000-0000-0000-000000000001'),
('b1000000-0004-0004-0004-000000000004', '90000000-0000-0000-0000-000000000007'),
('c2000000-0002-0002-0002-000000000001',  '90000000-0000-0000-0000-000000000002'),
('c2000000-0002-0002-0002-000000000002', '90000000-0000-0000-0000-000000000003'),
('c2000000-0003-0003-0003-000000000003', '90000000-0000-0000-0000-000000000004'),
('d3000000-0001-0001-0001-000000000001', '90000000-0000-0000-0000-000000000002'),
('d3000000-0002-0002-0002-000000000002', '90000000-0000-0000-0000-000000000003'),
('d3000000-0003-0003-0003-000000000003', '90000000-0000-0000-0000-000000000005'),
('e4000000-0001-0001-0001-000000000001', '90000000-0000-0000-0000-000000000006'),
('e4000000-0002-0002-0002-000000000002', '90000000-0000-0000-0000-000000000006'),
('f5000000-0001-0001-0001-000000000001', '90000000-0000-0000-0000-000000000008'),
('f5000000-0002-0002-0002-000000000002', '90000000-0000-0000-0000-000000000009'),
('g6000000-0001-0001-0001-000000000001', '90000000-0000-0000-0000-000000000010'),
('g6000000-0002-0002-0002-000000000002', '90000000-0000-0000-0000-000000000011'),
('g6000000-0003-0003-0003-000000000003', '90000000-0000-0000-0000-000000000012'),
('h7000000-0001-0001-0001-000000000001', '90000000-0000-0000-0000-000000000001')
ON CONFLICT (keycloak_id, organization_id) DO NOTHING;

INSERT INTO auth.user_ports (keycloak_id, port_id) VALUES
('a0000000-0000-0000-0000-000000000001', '3c4d5e6f-2222-2222-2222-222222222222'),
('b1000000-0001-0001-0001-000000000001', '3c4d5e6f-2222-2222-2222-222222222222'),
('b1000000-0002-0002-0002-000000000002', '3c4d5e6f-2222-2222-2222-222222222222'),
('b1000000-0003-0003-0003-000000000003', '3c4d5e6f-2222-2222-2222-222222222222'),
('b1000000-0004-0004-0004-000000000004', '3c4d5e6f-2222-2222-2222-222222222222'),
('d3000000-0001-0001-0001-000000000001', '3c4d5e6f-2222-2222-2222-222222222222'),
('d3000000-0002-0002-0002-000000000002', '3c4d5e6f-2222-2222-2222-222222222222'),
('d3000000-0003-0003-0003-000000000003', '3c4d5e6f-2222-2222-2222-222222222222'),
('e4000000-0001-0001-0001-000000000001', '3c4d5e6f-2222-2222-2222-222222222222'),
('e4000000-0002-0002-0002-000000000002', '3c4d5e6f-2222-2222-2222-222222222222'),
('f5000000-0001-0001-0001-000000000001', '3c4d5e6f-2222-2222-2222-222222222222'),
('f5000000-0002-0002-0002-000000000002', '3c4d5e6f-2222-2222-2222-222222222222'),
('g6000000-0001-0001-0001-000000000001', '3c4d5e6f-2222-2222-2222-222222222222'),
('g6000000-0002-0002-0002-000000000002', '3c4d5e6f-2222-2222-2222-222222222222'),
('g6000000-0003-0003-0003-000000000003', '3c4d5e6f-2222-2222-2222-222222222222'),
('h7000000-0001-0001-0001-000000000001', '3c4d5e6f-2222-2222-2222-222222222222')
ON CONFLICT (keycloak_id, port_id) DO NOTHING;

INSERT INTO auth.user_ships (keycloak_id, ship_id) VALUES
('c2000000-0002-0002-0002-000000000001', '11111111-aaaa-aaaa-aaaa-aaaaaaaaaaaa'),
('c2000000-0002-0002-0002-000000000002', '22222222-aaaa-aaaa-aaaa-aaaaaaaaaaaa'),
('c2000000-0003-0003-0003-000000000003', '33333333-aaaa-aaaa-aaaa-aaaaaaaaaaaa')
ON CONFLICT (keycloak_id, ship_id) DO NOTHING;

